FECHA_BAJA;SOCIO_ID;PRODUCTO;CANAL;CANT_PRIM;N_BAJAS;GENERO;EDAD_BAJA;VIGENCIA_DESDE;MOTIVO_BAJA;DNI;PROVINCIA
22/9/2022;2;Salud;P;84;1;M;58;10/12/2021;8;3893668;CABA
10/10/2021;1;Bolso;C;83;1;M;34;4/9/2021;2;6757391;Formosa
11/11/2021;2;Cajero;I;85;1;F;58;14/10/2022;4;23606466;Catamarca
8/6/2021;1;Bicicleta;R;54;1;F;45;1/12/2022;6;14864369;Neuquen
23/6/2022;2;Tecnologia;P;62;1;F;24;22/5/2022;1;11279381;Corrientes
9/10/2021;2;Cajero;C;20;1;M;75;1/7/2021;8;22662107;Chaco
7/2/2022;1;Vida;P;88;1;F;96;12/3/2021;6;15541958;Catamarca
16/7/2022;1;Bicicleta;R;50;1;F;71;24/8/2022;9;14402048;Tucuman
22/10/2022;1;Estudio;A;70;1;F;78;4/12/2022;3;21458230;Rio Negro
21/8/2022;2;Bicicleta;U;110;1;F;28;14/1/2021;4;13735279;Salta
8/8/2021;1;Cajero;U;66;1;F;32;14/12/2022;5;23612886;Corrientes
17/6/2021;1;Bolso;P;32;1;M;70;9/7/2021;1;6881869;CABA
19/2/2021;2;Salud;B;31;1;M;95;5/5/2022;1;4619109;Rio Negro
12/2/2022;2;Salud;P;115;1;M;27;19/9/2021;6;3952818;Buenos Aires
1/12/2021;2;Mascota;G;9;1;F;62;26/5/2022;2;13203048;Jujuy
28/6/2022;2;Estudio;P;26;1;M;91;20/5/2021;2;21473244;Santa Fe
8/10/2021;1;Vida;P;75;1;F;85;3/12/2022;4;14990046;San Juan
4/3/2021;1;Bicicleta;S;14;1;F;83;15/8/2022;1;13593615;CABA
26/2/2022;2;Vida;I;54;1;F;51;20/11/2022;8;18921406;San Juan
19/10/2021;1;Cajero;I;22;1;M;23;21/4/2021;4;23825103;Entre Rios
8/10/2022;2;Cajero;V;29;1;M;69;8/8/2022;6;25007425;Rio Negro
24/2/2021;2;Bolso;U;22;1;M;33;30/3/2022;6;7934395;Catamarca
2/9/2021;2;Vida;C;77;1;F;67;12/9/2021;6;16617247;Chaco
3/6/2021;2;Bolso;C;37;1;M;21;28/6/2021;10;8227814;Catamarca
23/6/2021;2;Cajero;R;55;1;F;22;16/5/2021;8;23326373;CABA
7/1/2021;2;Bolso;R;6;1;M;26;14/10/2021;10;6477522;Mendoza
19/11/2021;2;Mascota;B;105;1;M;94;19/3/2022;3;11826350;Catamarca
5/1/2022;2;Vida;P;10;1;M;82;12/10/2022;5;19879461;Mendoza
18/6/2021;2;Tecnologia;B;59;1;M;21;10/1/2021;5;8805812;Santa Cruz
10/3/2021;2;Bicicleta;P;60;1;M;32;29/3/2021;2;14438036;Buenos Aires
7/5/2021;1;Salud;M;117;1;M;48;22/11/2021;12;5442201;CABA
14/9/2022;2;Mascota;N;37;1;M;68;8/5/2021;12;12127679;CABA
19/8/2021;1;Salud;C;10;1;F;38;28/2/2021;12;4726012;Mendoza
1/4/2021;1;Vida;A;35;1;M;100;19/2/2022;1;16804425;Tucuman
8/8/2021;1;Cajero;A;113;1;F;77;17/6/2022;9;25473345;Misiones
6/6/2022;2;Bolso;S;61;1;F;36;16/3/2021;5;6143965;Mendoza
4/5/2021;1;Cajero;U;104;1;M;25;15/9/2021;5;23414072;Catamarca
30/10/2022;1;Mascota;P;89;1;F;58;21/12/2021;3;12261948;Salta
18/7/2021;1;Vida;P;21;1;F;30;30/12/2021;2;17191108;Catamarca
26/3/2021;2;Vida;C;30;1;F;92;3/4/2021;11;19665103;Catamarca
28/5/2022;1;Vida;C;20;1;F;35;19/8/2022;10;20026281;Jujuy
13/12/2021;1;Cajero;I;42;1;M;90;26/5/2021;2;23164674;Catamarca
2/7/2021;1;Salud;C;92;1;M;37;14/2/2021;1;3986035;CABA
21/11/2022;1;Vida;P;103;1;F;78;15/6/2021;4;19799721;Tucuman
11/6/2021;2;Vida;T;22;1;M;93;16/1/2022;10;19285546;Chaco
18/7/2022;2;Estudio;C;35;1;F;28;27/1/2022;1;21516039;La Pampa
27/4/2021;1;Bolso;R;51;1;F;61;25/3/2022;7;7710335;Buenos Aires
17/4/2021;1;Estudio;C;74;1;F;71;21/4/2021;9;20649392;Catamarca
6/4/2022;2;Salud;P;78;1;M;95;9/8/2021;4;4105197;Rio Negro
5/1/2022;1;Bolso;S;12;1;M;36;17/9/2022;11;6278191;Santiago del Estero
16/11/2021;2;Bicicleta;I;70;1;F;34;22/1/2022;6;13633966;Tucuman
11/8/2021;2;Mascota;C;73;1;F;77;5/6/2022;4;12271345;Santa Cruz
7/7/2021;2;Bicicleta;H;58;1;F;88;3/2/2021;11;14249012;Tucuman
31/5/2022;2;Vida;A;22;1;F;97;18/1/2021;3;16024588;Santa Fe
5/1/2022;2;Tecnologia;S;96;1;M;25;18/9/2022;12;10155336;La Pampa
25/6/2022;2;Cajero;C;79;1;M;49;7/6/2021;8;24705668;CABA
20/4/2022;2;Salud;P;3;1;M;61;5/3/2022;10;5662361;La Pampa
4/3/2021;1;Vida;P;91;1;F;96;29/11/2022;2;15597348;Entre Rios
20/1/2022;2;Vida;R;78;1;M;93;4/8/2022;10;19551575;Catamarca
22/3/2022;2;Cajero;P;73;1;F;63;12/8/2022;8;23987670;CABA
1/5/2022;1;Tecnologia;T;106;1;F;53;9/3/2021;8;10570552;CABA
9/8/2022;2;Cajero;T;62;1;F;79;26/2/2022;6;21979405;Entre Rios
21/12/2022;1;Vida;C;41;1;M;85;26/8/2022;2;15475184;La Pampa
10/3/2022;2;Vida;C;80;1;F;84;2/8/2021;8;18883903;Catamarca
21/4/2022;2;Tecnologia;I;34;1;F;77;18/10/2022;8;10823897;Catamarca
19/5/2022;2;Tecnologia;C;67;1;M;71;1/2/2022;7;11177966;Corrientes
4/8/2021;1;Vida;C;119;1;F;99;20/11/2021;10;19392258;La Pampa
18/8/2022;1;Mascota;G;61;1;F;28;21/5/2022;9;12844138;CABA
4/6/2022;1;Mascota;B;2;1;M;36;13/11/2021;6;12968581;CABA
16/9/2022;2;Tecnologia;C;21;1;F;45;30/11/2021;4;9311766;CABA
3/2/2022;2;Bolso;R;119;1;M;96;27/6/2021;3;8231131;Chubut
12/10/2021;2;Salud;P;21;1;F;21;13/8/2022;10;4553850;CABA
26/1/2022;2;Cajero;K;38;1;M;39;18/10/2021;8;25765505;Catamarca
21/4/2022;1;Mascota;N;6;1;F;57;8/12/2021;4;25785588;Catamarca
28/2/2022;1;Vida;R;24;1;F;50;11/8/2021;12;16457605;Catamarca
8/5/2021;1;Mascota;R;110;1;M;97;25/8/2022;9;13159340;Cordoba
9/4/2021;2;Asistencia;U;57;1;F;67;3/8/2022;3;5923294;Rio Negro
2/1/2021;1;Bicicleta;C;74;1;F;98;17/6/2021;12;14651981;Cordoba
21/8/2022;2;Salud;F;22;1;F;20;10/3/2022;5;5675928;La Rioja
16/7/2022;1;Salud;P;9;1;F;46;21/7/2021;6;4466026;Chaco
5/8/2022;1;Bolso;B;31;1;M;18;18/3/2021;2;6596798;Neuquen
6/2/2022;2;Mascota;R;48;1;F;70;3/3/2022;12;12751639;La Rioja
16/8/2021;1;Tecnologia;C;81;1;F;85;31/5/2022;9;11285903;San Luis
4/12/2022;2;Tecnologia;B;9;1;M;75;28/5/2022;10;9490608;Tucuman
15/10/2022;2;Vida;C;117;1;F;77;16/5/2021;6;17293269;Chubut
4/2/2022;1;Cajero;C;92;1;F;26;25/7/2022;6;23898664;Corrientes
29/3/2021;1;Bolso;A;55;1;M;80;21/3/2022;10;7034982;CABA
29/1/2021;1;Cajero;F;77;1;M;79;8/3/2022;6;23198195;Chaco
6/6/2022;1;Salud;P;29;1;F;59;10/5/2022;9;3901456;Chaco
3/2/2022;2;Bolso;L;92;1;M;71;16/9/2021;2;7806595;Entre Rios
20/3/2021;2;Vida;V;80;1;M;33;12/2/2021;7;15235899;Cordoba
19/4/2022;1;Vida;G;86;1;M;76;26/1/2022;8;17259881;La Pampa
1/8/2022;1;Salud;C;62;1;M;26;25/9/2022;6;4481842;Entre Rios
9/2/2022;2;Vida;J;101;1;F;89;16/6/2021;9;19323640;Formosa
31/5/2022;1;Mascota;C;91;1;M;67;27/3/2021;9;11693556;Salta
7/10/2022;1;Bicicleta;G;5;1;F;36;10/10/2021;4;13727299;Catamarca
30/12/2021;1;Tecnologia;C;29;1;F;56;16/9/2021;12;9592648;La Pampa
15/10/2022;1;Bolso;N;38;1;M;23;11/8/2021;8;6152817;CABA
17/12/2021;1;Bicicleta;C;39;1;M;41;5/11/2022;2;14190415;San Juan
29/7/2021;2;Vida;C;73;1;F;61;28/11/2022;2;18256583;Catamarca
29/7/2022;1;Mascota;I;34;1;M;19;25/6/2021;4;12477487;Chaco
10/12/2022;2;Tecnologia;C;105;1;F;30;22/3/2021;7;8816980;CABA
9/3/2022;1;Cajero;I;32;1;F;89;15/7/2022;8;24786245;Buenos Aires
30/8/2022;1;Cajero;P;108;1;M;45;10/8/2022;9;24065006;Chubut
9/3/2022;1;Tecnologia;I;110;1;M;94;31/3/2022;6;9274300;Entre Rios
25/7/2022;2;Estudio;C;11;1;F;92;8/4/2022;9;21100663;Catamarca
10/6/2022;1;Salud;P;29;1;F;23;5/5/2021;2;4499098;Cordoba
10/4/2021;1;Vida;U;42;1;F;55;26/1/2021;6;15306102;Catamarca
10/6/2021;1;Vida;G;99;1;M;23;8/10/2021;10;19748300;Cordoba
23/2/2022;2;Estudio;U;94;1;M;23;12/5/2021;10;21857943;Catamarca
31/8/2021;2;Bolso;C;96;1;F;55;19/1/2022;12;7702936;Catamarca
11/4/2022;2;Mascota;C;72;1;M;58;18/10/2022;5;11626074;Mendoza
14/9/2022;2;Vida;M;80;1;M;20;5/3/2021;7;18910903;Catamarca
25/2/2022;1;Asistencia;I;30;1;F;80;11/3/2021;12;5934434;Catamarca
6/9/2022;1;Cajero;B;64;1;F;61;6/10/2022;8;22916447;CABA
6/9/2021;1;Estudio;A;80;1;M;63;23/10/2022;5;21004642;Misiones
19/1/2022;2;Bicicleta;R;75;1;M;32;21/6/2022;6;13825609;San Juan
13/1/2021;1;Mascota;I;14;1;M;81;2/6/2022;4;12174221;Catamarca
18/1/2022;1;Cajero;C;34;1;F;92;9/2/2022;11;22303308;Tucuman
1/1/2021;1;Vida;I;81;1;F;75;29/6/2022;9;19435271;Corrientes
16/12/2021;1;Cajero;U;96;1;M;30;17/1/2022;11;23301080;La Rioja
27/10/2022;1;Bolso;B;11;1;F;81;5/11/2021;6;7207180;Chaco
17/9/2022;2;Tecnologia;U;91;1;F;38;10/8/2021;8;8962291;Jujuy
27/4/2022;1;Vida;P;35;1;F;64;20/7/2022;6;15572922;Catamarca
16/2/2021;2;Salud;I;109;1;M;69;5/6/2022;9;4521046;Chaco
5/1/2022;2;Bicicleta;P;103;1;M;87;20/5/2021;7;13940955;Neuquen
12/8/2021;1;Vida;P;114;1;M;87;3/5/2022;5;18531900;CABA
24/9/2021;1;Bolso;B;120;1;F;32;28/8/2021;2;7006628;CABA
11/7/2021;2;Bicicleta;P;37;1;F;94;7/1/2021;9;13639823;Tucuman
10/3/2022;1;Bolso;X;75;1;M;32;27/1/2021;5;8102262;Santa Cruz
28/4/2021;1;Bolso;I;109;1;M;55;24/8/2022;11;7273424;Tucuman
23/11/2022;1;Bicicleta;I;56;1;F;69;15/12/2022;4;13258445;Rio Negro
13/1/2022;2;Bolso;C;92;1;F;100;3/12/2021;7;7698323;Tucuman
3/5/2021;1;Cajero;I;77;1;F;44;4/9/2021;1;25378190;Buenos Aires
24/7/2021;1;Bolso;A;114;1;M;21;25/7/2022;5;8286448;Catamarca
30/3/2022;1;Estudio;F;42;1;F;34;22/7/2022;4;20290282;Entre Rios
2/1/2022;1;Cajero;R;110;1;F;40;16/7/2022;2;22274946;Cordoba
10/5/2021;1;Tecnologia;I;74;1;F;32;21/3/2022;2;9628902;Chaco
12/5/2022;1;Cajero;B;67;1;M;46;7/10/2021;5;25032751;CABA
12/2/2021;1;Vida;I;8;1;M;69;20/7/2021;2;17625087;Catamarca
8/2/2021;1;Estudio;J;89;1;F;61;6/6/2021;3;20909991;Misiones
30/7/2022;2;Vida;M;69;1;F;84;16/7/2022;5;18344182;Tucuman
23/7/2022;1;Bolso;P;10;1;M;20;16/4/2022;4;7968976;CABA
12/1/2022;1;Tecnologia;S;41;1;F;19;8/2/2021;2;9233888;Entre Rios
30/9/2021;2;Vida;P;14;1;F;28;8/9/2022;7;15739741;Catamarca
4/8/2021;1;Bolso;I;29;1;M;56;26/9/2021;5;7640027;Cordoba
5/4/2022;1;Vida;B;34;1;F;42;29/3/2021;9;19134064;Santa Fe
19/10/2022;2;Vida;C;36;1;M;78;14/4/2022;10;17950120;Tucuman
12/1/2021;1;Vida;C;94;1;M;78;5/9/2021;2;19022109;San Juan
10/9/2022;1;Vida;C;108;1;F;42;10/10/2021;2;16073821;Entre Rios
25/9/2022;2;Vida;C;112;1;M;71;27/7/2021;12;16559286;CABA
17/12/2022;1;Vida;N;49;1;F;65;31/1/2022;12;14964505;Santa Cruz
24/3/2022;1;Estudio;A;55;1;F;40;23/2/2022;11;20160712;San Juan
22/8/2022;1;Estudio;U;17;1;F;22;22/11/2022;4;21110618;Mendoza
4/11/2022;1;Salud;P;73;1;M;51;3/11/2022;4;5406860;Jujuy
15/5/2022;2;Cajero;Y;27;1;F;26;2/1/2022;4;24505347;La Rioja
27/5/2021;2;Mascota;S;9;1;F;44;10/1/2022;1;11894343;CABA
9/10/2021;2;Estudio;Y;29;1;F;61;4/12/2021;6;21222659;Catamarca
8/12/2022;2;Cajero;C;26;1;F;23;12/12/2021;6;24077109;San Juan
25/4/2022;2;Bolso;P;101;1;M;45;6/8/2022;7;7054320;Chaco
24/7/2021;1;Cajero;C;92;1;F;91;29/7/2022;9;22670240;La Pampa
22/2/2021;1;Vida;R;88;1;F;51;18/8/2021;10;19880151;CABA
18/5/2021;1;Tecnologia;B;9;1;F;53;21/6/2021;4;9889423;Buenos Aires
3/11/2021;1;Vida;C;26;1;F;47;26/5/2022;6;16352653;Chubut
7/7/2022;1;Vida;G;17;1;F;75;24/4/2022;7;18392297;CABA
24/10/2021;1;Bolso;C;115;1;M;76;27/8/2021;9;6955882;Chaco
13/2/2022;2;Cajero;N;109;1;M;61;1/3/2021;4;24397844;Chaco
10/3/2021;2;Asistencia;C;102;1;F;73;21/8/2022;12;5827100;CABA
13/11/2021;2;Mascota;R;84;1;F;72;10/10/2021;2;12825356;La Rioja
22/11/2021;2;Salud;A;88;1;M;54;26/12/2021;4;3868042;Santiago del Estero
2/7/2022;2;Salud;I;3;1;F;25;26/6/2021;5;4283024;Entre Rios
16/11/2022;1;Bicicleta;R;63;1;M;64;3/3/2022;7;13632724;La Rioja
5/6/2021;1;Cajero;G;106;1;M;23;9/8/2021;8;23914697;Rio Negro
20/4/2022;1;Cajero;S;58;1;F;60;23/11/2021;8;24189924;La Pampa
13/6/2021;2;Cajero;C;62;1;F;62;2/7/2021;11;24191705;Tucuman
25/6/2022;2;Bicicleta;I;99;1;F;36;1/5/2021;1;13438793;Formosa
16/9/2022;2;Tecnologia;P;79;1;F;34;11/6/2021;11;8841943;Buenos Aires
31/7/2022;1;Cajero;C;41;1;F;67;8/4/2021;11;24756509;La Pampa
9/7/2022;2;Salud;I;44;1;F;92;2/6/2022;8;3997565;San Luis
7/3/2021;2;Tecnologia;I;23;1;F;74;25/6/2022;2;8751493;San Juan
8/6/2021;1;Cajero;C;73;1;M;87;29/6/2022;11;22537268;CABA
30/1/2021;2;Mascota;A;40;1;M;20;1/2/2022;5;13160941;Chaco
8/7/2022;1;Vida;S;75;1;F;42;2/4/2021;8;19168405;Buenos Aires
12/4/2021;2;Cajero;P;41;1;M;42;13/2/2021;7;23555569;San Luis
2/9/2022;1;Salud;P;80;1;M;78;6/9/2022;8;4807585;San Juan
12/6/2021;1;Cajero;H;3;1;F;86;8/1/2021;5;21961613;Catamarca
19/2/2022;2;Cajero;P;112;1;F;33;14/8/2022;9;24113378;Misiones
1/6/2022;2;Bolso;P;114;1;F;89;7/10/2021;9;7023813;San Juan
19/9/2022;2;Bicicleta;P;2;1;M;80;2/2/2021;1;13513014;Santa Cruz
7/1/2022;2;Mascota;C;66;1;M;33;29/11/2022;8;12725986;Santa Fe
17/12/2021;1;Cajero;A;103;1;M;100;22/10/2022;6;25413762;Corrientes
23/8/2022;2;Tecnologia;A;90;1;F;20;21/12/2022;6;11133604;CABA
18/2/2022;1;Estudio;P;17;1;M;41;16/9/2021;1;21550909;Cordoba
15/5/2021;2;Tecnologia;N;48;1;F;62;17/3/2022;5;8942063;Catamarca
9/10/2021;1;Vida;C;64;1;F;75;28/2/2022;5;17743216;Santa Cruz
22/11/2021;1;Vida;U;62;1;M;55;3/3/2022;1;19226146;Buenos Aires
18/2/2021;1;Bolso;C;26;1;M;41;25/9/2021;6;6398501;Chaco
1/9/2022;1;Bolso;K;27;1;F;99;18/2/2021;4;6497576;Salta
3/5/2021;2;Salud;E;24;1;F;72;11/2/2021;1;5035759;Corrientes
23/3/2022;1;Vida;C;41;1;M;22;14/5/2022;8;18707975;Chaco
20/9/2021;1;Bicicleta;C;108;1;M;20;28/3/2022;8;13743070;Formosa
5/12/2022;2;Mascota;R;98;1;F;56;17/12/2021;12;11772547;Cordoba
28/6/2021;2;Salud;C;74;1;M;90;28/11/2021;11;5569910;Tucuman
21/3/2021;1;Vida;G;100;1;F;94;29/8/2021;9;16157092;Chaco
22/1/2022;2;Bicicleta;M;49;1;F;58;17/8/2022;11;14803951;CABA
6/6/2021;1;Cajero;C;114;1;M;43;18/11/2022;5;25324299;Chaco
25/3/2022;2;Estudio;B;108;1;F;85;2/10/2022;5;20612562;CABA
15/12/2021;2;Estudio;E;91;1;M;97;30/4/2021;10;20985131;Chaco
19/3/2022;1;Bolso;P;35;1;M;65;29/4/2021;8;8476070;San Luis
17/11/2021;1;Vida;T;25;1;M;95;29/8/2022;1;16432583;Corrientes
12/8/2022;2;Estudio;J;4;1;F;64;15/7/2022;5;21923233;CABA
26/6/2021;1;Tecnologia;K;115;1;F;18;22/5/2022;11;9881499;Entre Rios
1/9/2021;2;Estudio;K;75;1;M;88;9/4/2022;12;20077884;Chubut
27/2/2022;1;Vida;C;70;1;M;55;19/9/2022;7;16956982;Rio Negro
25/10/2022;2;Mascota;S;102;1;M;74;14/12/2022;2;11786423;San Luis
8/12/2021;2;Vida;I;106;1;M;58;3/9/2021;5;17780851;Cordoba
27/2/2022;1;Salud;T;73;1;F;36;24/11/2021;6;4233781;Tucuman
9/3/2022;1;Estudio;C;40;1;F;54;6/5/2021;9;20398994;Chubut
29/1/2022;2;Estudio;I;94;1;F;52;5/1/2022;6;20810382;San Juan
25/1/2022;2;Estudio;L;11;1;F;83;14/5/2021;8;20343539;La Rioja
1/4/2021;2;Bolso;J;118;1;F;27;30/11/2021;11;6848484;San Juan
22/9/2021;2;Bicicleta;U;83;1;M;27;28/2/2022;12;14415331;La Rioja
15/5/2022;2;Vida;N;64;1;M;70;4/5/2021;8;17668055;Tucuman
30/5/2022;2;Cajero;C;46;1;F;63;6/4/2022;3;25655408;Entre Rios
21/10/2022;1;Bolso;B;61;1;F;26;12/5/2022;12;7361891;Mendoza
17/9/2022;1;Salud;C;97;1;F;70;1/4/2022;7;3803605;Santiago del Estero
19/3/2022;1;Cajero;U;102;1;M;65;29/1/2022;1;22312175;Catamarca
3/7/2022;1;Cajero;P;104;1;F;27;17/2/2021;3;24970563;CABA
23/7/2022;1;Cajero;P;57;1;F;82;19/1/2021;11;23025835;Catamarca
29/7/2021;2;Vida;G;46;1;M;98;26/3/2022;8;18409545;CABA
15/5/2022;2;Vida;M;78;1;F;66;12/9/2022;10;15844430;Neuquen
29/6/2022;1;Vida;P;110;1;F;23;3/10/2021;6;17477873;Catamarca
15/8/2022;1;Mascota;S;11;1;F;42;12/3/2022;8;11597944;Corrientes
24/7/2022;2;Bolso;I;34;1;F;42;26/5/2021;12;8238426;Catamarca
30/1/2022;2;Salud;I;17;1;M;85;15/11/2021;11;5156467;CABA
7/3/2021;2;Bicicleta;U;50;1;M;86;8/10/2021;9;13497683;CABA
19/11/2021;1;Estudio;U;116;1;M;58;1/6/2022;2;20703635;CABA
15/7/2021;1;Vida;E;60;1;M;53;30/8/2022;5;15107865;La Pampa
9/6/2022;2;Vida;R;96;1;M;84;16/5/2022;8;15613030;Cordoba
27/2/2021;1;Vida;C;43;1;F;92;9/4/2021;4;19561320;Cordoba
15/9/2022;2;Cajero;F;78;1;F;45;21/6/2021;12;23824699;Misiones
29/1/2021;2;Cajero;I;98;1;M;28;23/6/2021;8;23291855;Formosa
8/8/2022;1;Cajero;P;63;1;M;32;17/11/2021;2;23024980;CABA
12/5/2021;2;Bicicleta;C;21;1;M;41;19/1/2021;6;14769087;Tucuman
4/6/2022;2;Estudio;U;3;1;M;89;28/6/2021;1;21091391;CABA
21/6/2022;1;Tecnologia;R;110;1;F;69;30/3/2021;9;10968878;CABA
17/5/2022;2;Mascota;P;114;1;M;62;24/8/2022;4;11874054;Santa Cruz
30/12/2021;2;Bicicleta;I;60;1;F;53;3/5/2021;6;14599775;Mendoza
1/2/2021;2;Bicicleta;C;87;1;M;97;9/1/2021;1;14370246;Entre Rios
23/4/2022;1;Bicicleta;I;116;1;F;41;23/2/2021;9;13367152;CABA
19/5/2021;2;Salud;C;80;1;F;98;6/6/2022;11;5276975;CABA
31/5/2021;1;Cajero;R;17;1;M;37;11/8/2022;8;22423863;CABA
19/5/2021;2;Mascota;I;2;1;M;66;11/2/2022;4;11748302;San Juan
4/11/2021;1;Tecnologia;P;21;1;M;99;3/12/2022;2;9584686;Corrientes
30/9/2022;1;Estudio;C;95;1;M;92;30/6/2022;3;20994311;Entre Rios
14/3/2021;2;Tecnologia;C;1;1;M;18;23/12/2022;4;8673772;Tucuman
16/11/2022;1;Cajero;Y;107;1;M;99;30/12/2021;11;22318557;La Rioja
12/12/2021;2;Mascota;P;50;1;M;71;3/10/2021;6;12034132;Cordoba
18/9/2022;2;Vida;B;117;1;M;77;4/2/2022;7;15979430;Tucuman
22/4/2021;2;Salud;N;16;1;M;76;21/3/2021;8;5657445;CABA
22/1/2022;1;Mascota;Y;83;1;F;48;15/9/2021;8;11692574;La Pampa
11/11/2021;2;Vida;N;65;1;M;21;9/10/2021;7;19120508;La Rioja
6/9/2022;2;Mascota;A;19;1;M;95;9/8/2021;11;11976805;Rio Negro
6/6/2022;2;Bolso;C;108;1;M;99;8/7/2022;3;6182851;Corrientes
3/3/2022;2;Vida;B;42;1;F;42;16/9/2022;6;16728448;Jujuy
5/9/2022;1;Cajero;M;35;1;F;23;5/10/2021;8;24496533;CABA
12/4/2022;2;Bicicleta;I;86;1;F;38;20/12/2022;12;14085113;Buenos Aires
8/11/2022;1;Cajero;C;37;1;F;45;21/10/2022;1;23092213;Tucuman
14/2/2021;1;Cajero;K;48;1;F;42;27/4/2022;7;24274073;Catamarca
1/2/2022;1;Bolso;R;89;1;F;71;10/7/2022;2;6595580;Catamarca
19/11/2021;2;Bolso;P;5;1;F;20;14/2/2022;2;8136765;Mendoza
2/6/2021;2;Vida;B;60;1;F;49;29/3/2022;3;18560643;La Pampa
17/8/2021;2;Cajero;C;116;1;F;72;7/11/2021;2;23387300;Catamarca
16/1/2021;1;Vida;C;74;1;F;31;16/9/2021;7;16319118;San Juan
7/2/2021;2;Bicicleta;C;54;1;M;35;14/5/2022;4;14837605;CABA
27/8/2021;1;Vida;I;87;1;F;63;13/7/2021;6;20027873;Catamarca
2/11/2022;2;Vida;S;78;1;M;31;16/2/2022;5;15365403;Catamarca
22/12/2022;1;Cajero;U;3;1;F;30;19/11/2021;7;23550939;CABA
28/1/2022;1;Estudio;C;103;1;F;26;28/12/2022;12;21335805;Corrientes
29/12/2021;1;Vida;C;6;1;F;53;17/7/2022;8;16682557;Tucuman
1/2/2021;1;Vida;J;53;1;F;32;13/7/2022;11;16607574;La Rioja
18/3/2021;1;Salud;A;45;1;F;92;14/9/2022;9;4400310;Tierra del Fuego
17/5/2022;2;Vida;C;19;1;M;93;14/1/2021;2;15001286;La Pampa
25/12/2021;2;Salud;U;39;1;F;61;27/11/2021;2;4595489;Cordoba
9/4/2022;1;Tecnologia;I;64;1;F;66;29/5/2022;2;9842271;Catamarca
22/8/2021;1;Tecnologia;S;64;1;M;98;11/7/2021;8;8597786;Santiago del Estero
17/4/2021;1;Bicicleta;P;70;1;M;18;23/12/2022;10;14731522;CABA
1/4/2021;2;Estudio;H;55;1;M;22;8/7/2021;5;20216988;Cordoba
6/5/2021;2;Estudio;U;108;1;M;79;19/1/2022;6;21763888;Entre Rios
25/3/2021;2;Vida;C;107;1;F;52;6/10/2021;2;17634148;Neuquen
6/3/2021;2;Asistencia;N;91;1;M;79;22/10/2022;6;5855582;Tucuman
13/9/2021;1;Vida;N;112;1;M;25;28/4/2021;3;15825123;CABA
31/8/2022;2;Cajero;P;109;1;M;81;23/9/2022;8;25075629;Formosa
29/4/2022;1;Bicicleta;L;88;1;M;81;7/1/2022;6;14136588;Cordoba
5/5/2022;1;Salud;S;62;1;M;22;13/8/2021;9;3969313;Cordoba
13/3/2021;1;Vida;B;34;1;M;23;9/5/2021;4;15240889;CABA
3/2/2021;1;Vida;B;34;1;M;27;27/9/2022;5;17406411;La Pampa
22/11/2021;2;Cajero;R;21;1;F;96;4/8/2022;8;24934677;CABA
13/11/2022;2;Asistencia;K;78;1;F;95;22/11/2022;4;6045195;San Juan
30/9/2021;1;Tecnologia;C;51;1;M;82;18/10/2021;1;10621900;Tucuman
24/8/2021;2;Cajero;P;13;1;F;100;24/12/2022;6;23580064;Chaco
21/6/2021;2;Bolso;K;30;1;F;82;7/5/2021;8;7211202;San Luis
17/8/2021;1;Cajero;E;104;1;F;44;10/6/2022;5;23410278;Chaco
28/9/2021;1;Bolso;P;95;1;M;96;21/7/2022;5;7549909;La Rioja
31/7/2022;1;Bolso;I;98;1;F;27;14/2/2021;3;8106589;Santiago del Estero
10/8/2021;2;Bolso;C;46;1;M;19;10/4/2021;7;6595094;Catamarca
8/11/2022;1;Salud;C;101;1;F;60;20/3/2022;8;4956632;Rio Negro
21/5/2022;1;Cajero;R;100;1;M;91;1/2/2022;12;23107083;La Pampa
17/4/2022;2;Bicicleta;U;43;1;M;99;3/3/2021;10;13978958;San Luis
24/10/2021;1;Mascota;P;91;1;M;59;8/8/2021;10;13025860;La Pampa
2/12/2021;1;Salud;A;83;1;F;44;13/12/2021;7;4553529;CABA
17/2/2021;2;Vida;M;20;1;M;100;7/11/2021;11;18844412;CABA
14/11/2022;1;Vida;I;40;1;F;77;16/5/2022;12;15796078;La Rioja
17/10/2022;2;Cajero;C;42;1;M;86;26/1/2022;9;22117397;Mendoza
13/3/2022;1;Cajero;P;92;1;F;44;19/12/2022;3;25549398;CABA
25/6/2022;1;Tecnologia;M;11;1;F;33;8/10/2021;5;11319149;Jujuy
29/11/2021;2;Estudio;S;2;1;F;83;3/3/2022;4;21763395;Rio Negro
6/1/2021;1;Mascota;B;90;1;F;87;9/12/2022;2;12874191;Tucuman
15/12/2022;2;Bolso;R;7;1;F;85;17/5/2022;2;8067813;Tucuman
6/2/2021;2;Mascota;U;76;1;F;24;28/9/2021;9;12236677;Corrientes
5/12/2021;1;Mascota;C;95;1;M;23;29/4/2022;12;11585641;San Juan
6/9/2022;2;Cajero;T;52;1;F;18;16/10/2022;4;25736672;Chaco
26/1/2022;1;Salud;I;101;1;F;32;17/8/2022;9;4102922;Entre Rios
1/3/2022;1;Vida;P;4;1;F;32;25/6/2022;5;18769921;Entre Rios
24/8/2022;1;Bolso;C;62;1;F;78;8/11/2021;5;6919674;La Pampa
21/7/2022;2;Cajero;T;35;1;F;56;12/1/2021;2;24179388;La Pampa
30/6/2021;1;Bolso;C;71;1;M;86;20/3/2021;5;7139617;Buenos Aires
14/11/2022;1;Salud;F;56;1;F;97;5/7/2022;12;4701140;Tucuman
7/2/2021;2;Cajero;B;53;1;M;35;23/5/2022;12;25592554;Catamarca
19/7/2022;1;Salud;C;100;1;M;23;6/10/2022;12;4015562;Buenos Aires
13/5/2022;2;Vida;I;33;1;M;52;9/5/2022;6;19803294;Tucuman
16/3/2021;1;Vida;A;71;1;F;84;7/2/2022;5;17359974;CABA
5/2/2021;1;Vida;C;28;1;M;64;1/5/2022;3;17073027;CABA
31/10/2022;2;Salud;C;88;1;M;47;23/6/2022;6;3879280;CABA
6/11/2021;2;Vida;P;106;1;F;63;27/4/2022;2;18640607;San Luis
7/5/2022;1;Asistencia;R;25;1;M;21;10/12/2021;3;5779741;Catamarca
17/8/2022;2;Mascota;B;6;1;F;98;10/10/2021;2;12157017;CABA
20/11/2022;1;Tecnologia;S;101;1;F;75;4/6/2021;8;10810814;Catamarca
9/4/2021;1;Estudio;U;104;1;F;27;22/3/2022;9;20841194;Rio Negro
8/2/2021;1;Cajero;I;45;1;F;30;31/12/2021;7;24153354;CABA
8/7/2021;2;Salud;C;14;1;F;73;19/7/2021;2;4286602;Buenos Aires
17/11/2022;1;Vida;I;67;1;F;81;9/7/2022;4;16505162;Chubut
1/6/2021;1;Salud;C;76;1;F;90;6/10/2021;4;4116886;Catamarca
19/2/2021;1;Cajero;R;60;1;F;57;7/4/2022;10;24874687;Corrientes
25/7/2022;2;Vida;C;56;1;M;52;11/1/2022;8;15647967;Salta
29/8/2022;1;Tecnologia;H;72;1;F;28;18/7/2021;2;9282905;Corrientes
20/8/2021;1;Mascota;B;86;1;F;28;27/7/2021;11;11606425;San Juan
4/2/2022;1;Bicicleta;I;24;1;F;56;28/7/2021;8;13883535;Salta
5/2/2022;1;Cajero;I;7;1;F;25;27/11/2022;10;22732704;Entre Rios
22/6/2022;1;Vida;I;101;1;M;74;14/7/2022;8;17393825;CABA
28/12/2022;2;Bicicleta;G;31;1;F;32;26/2/2021;9;13364179;La Pampa
14/7/2021;2;Tecnologia;R;5;1;M;55;24/12/2022;7;11152859;La Pampa
1/1/2022;2;Tecnologia;N;118;1;M;92;17/3/2021;3;11237605;Catamarca
12/11/2022;2;Vida;I;79;1;F;30;22/1/2021;5;17475495;CABA
5/8/2021;2;Tecnologia;I;15;1;M;94;15/12/2021;6;9026269;Cordoba
14/10/2021;2;Cajero;R;116;1;F;19;13/12/2022;8;24338597;Entre Rios
15/11/2021;1;Estudio;H;17;1;M;51;4/11/2022;7;21631641;Cordoba
18/10/2022;1;Estudio;I;5;1;M;40;10/8/2022;7;20993660;Tucuman
15/6/2022;1;Vida;M;105;1;M;28;28/8/2022;8;15607366;Catamarca
25/12/2022;2;Salud;U;2;1;M;93;9/3/2021;10;5107112;Salta
6/9/2021;1;Estudio;U;56;1;M;75;8/3/2021;7;21803543;Rio Negro
12/2/2021;2;Bolso;C;57;1;M;65;15/12/2021;11;6338019;Tucuman
25/1/2022;2;Cajero;L;72;1;F;22;17/12/2022;6;23315967;Formosa
23/12/2021;1;Cajero;H;50;1;M;97;4/5/2021;4;23594267;La Rioja
26/11/2022;1;Tecnologia;S;76;1;F;26;13/10/2022;5;9457289;La Pampa
14/8/2022;2;Salud;I;10;1;F;20;15/5/2022;6;4019837;La Rioja
20/3/2021;1;Vida;C;1;1;M;38;4/4/2022;6;17671116;Formosa
12/12/2021;1;Salud;A;22;1;F;21;8/6/2021;8;5477109;Tucuman
1/9/2022;1;Mascota;C;63;1;M;71;14/9/2022;3;12488246;Corrientes
4/2/2021;1;Vida;P;69;1;F;54;27/10/2021;3;19469715;Tucuman
30/8/2022;1;Estudio;A;48;1;F;61;20/12/2022;11;21314137;La Rioja
29/4/2021;2;Tecnologia;Z;9;1;F;81;12/7/2022;12;8891835;La Pampa
20/8/2021;1;Vida;C;10;1;M;20;23/2/2022;11;16910350;Catamarca
4/8/2021;1;Estudio;I;6;1;F;31;25/2/2022;7;20172668;Santiago del Estero
13/11/2021;2;Bolso;C;111;1;M;87;16/6/2021;7;7844862;San Luis
24/12/2021;1;Cajero;C;92;1;F;42;11/12/2022;1;23111876;Catamarca
13/3/2021;1;Tecnologia;A;2;1;M;91;11/5/2022;3;10386781;Tucuman
1/5/2021;2;Bolso;I;39;1;M;100;5/2/2021;5;7289037;CABA
9/10/2022;1;Cajero;C;95;1;F;48;13/10/2021;8;22594098;Catamarca
6/3/2022;2;Cajero;M;25;1;M;64;12/11/2021;5;25149684;La Pampa
24/4/2021;1;Bolso;G;66;1;M;35;30/12/2021;5;6195252;Mendoza
3/6/2022;1;Mascota;D;52;1;M;96;30/7/2021;3;12565883;Neuquen
17/10/2022;2;Tecnologia;P;66;1;M;75;12/3/2022;12;10058209;La Pampa
24/12/2021;2;Salud;S;99;1;F;51;28/10/2022;3;4460109;Tucuman
30/8/2022;2;Salud;B;103;1;M;94;17/1/2021;5;5380740;Salta
5/2/2022;2;Vida;I;90;1;M;83;2/5/2021;1;15993198;Chaco
19/3/2021;2;Tecnologia;B;73;1;M;80;17/4/2022;1;9548712;Tucuman
6/5/2021;2;Salud;C;83;1;F;42;3/4/2021;1;4844022;CABA
17/6/2021;1;Tecnologia;K;90;1;F;74;5/1/2022;9;9737057;Mendoza
16/12/2022;2;Bicicleta;S;15;1;M;52;21/1/2021;3;14041521;CABA
8/3/2021;1;Mascota;M;60;1;M;90;24/7/2021;3;12022611;CABA
1/2/2022;2;Asistencia;E;104;1;F;63;22/8/2021;7;5874661;CABA
8/3/2022;2;Vida;I;70;1;F;93;4/2/2021;10;16096008;Tucuman
31/7/2022;1;Bicicleta;S;72;1;F;19;11/1/2021;11;14329284;La Pampa
20/2/2021;2;Bolso;P;80;1;M;19;2/9/2022;7;6439013;Santiago del Estero
10/2/2021;2;Cajero;V;93;1;F;25;13/9/2022;10;22810073;La Pampa
11/11/2022;1;Salud;R;36;1;F;81;16/12/2022;7;4403630;CABA
17/4/2021;2;Cajero;R;72;1;M;59;2/1/2021;3;25508944;La Rioja
5/8/2021;1;Bolso;P;51;1;M;88;6/1/2021;3;6390921;Tucuman
3/12/2022;1;Cajero;R;1;1;F;82;7/10/2022;8;25521654;Entre Rios
6/5/2022;2;Tecnologia;C;52;1;M;34;18/1/2021;2;10084500;Rio Negro
12/9/2022;1;Bolso;K;71;1;M;36;29/1/2022;6;6636353;Chaco
27/11/2021;1;Vida;S;15;1;M;66;21/8/2022;2;18013370;Entre Rios
10/3/2022;2;Bicicleta;P;79;1;M;62;13/3/2022;8;14893575;Corrientes
12/3/2021;2;Mascota;G;7;1;M;75;20/11/2022;12;11431643;Catamarca
21/3/2021;1;Salud;U;2;1;M;81;7/1/2022;10;4012458;Chaco
13/8/2021;2;Bicicleta;M;59;1;F;43;20/6/2021;6;14135869;San Luis
15/8/2021;1;Bicicleta;M;20;1;M;70;30/4/2021;6;13598495;Entre Rios
7/4/2021;1;Vida;P;61;1;M;26;22/12/2021;1;18488531;CABA
7/9/2022;1;Bicicleta;C;29;1;F;58;31/3/2021;8;13423868;CABA
4/5/2021;2;Vida;C;96;1;F;83;17/5/2021;7;19886037;CABA
2/6/2022;2;Bolso;B;28;1;F;20;3/5/2022;11;7316939;Entre Rios
7/1/2022;2;Bicicleta;I;72;1;M;47;21/8/2022;8;14280119;Entre Rios
14/4/2021;1;Vida;F;10;1;F;79;20/10/2022;5;19063004;Buenos Aires
4/6/2022;1;Tecnologia;R;30;1;M;43;4/3/2021;12;10172259;Formosa
3/11/2021;2;Vida;C;102;1;F;49;4/7/2022;4;18684960;Buenos Aires
13/2/2022;2;Cajero;B;91;1;F;86;18/4/2021;10;24022154;Catamarca
16/10/2021;1;Cajero;K;21;1;F;32;7/9/2021;7;23776427;Santa Fe
7/12/2022;1;Cajero;A;56;1;F;61;6/2/2021;10;25386969;Tucuman
29/7/2022;1;Cajero;T;91;1;M;25;28/8/2021;5;22791319;Chubut
28/3/2021;1;Tecnologia;C;14;1;M;86;15/4/2021;3;10605089;Catamarca
25/6/2022;2;Tecnologia;C;4;1;F;37;24/5/2021;7;8751313;San Juan
7/11/2022;1;Vida;P;104;1;M;52;5/12/2021;8;15418135;Rio Negro
25/2/2022;1;Tecnologia;P;80;1;M;69;10/12/2021;11;9755067;Catamarca
1/8/2022;2;Vida;B;47;1;F;59;24/8/2021;9;17965138;Misiones
1/5/2022;1;Tecnologia;F;91;1;F;59;19/12/2022;5;10637178;La Rioja
25/11/2022;1;Estudio;F;23;1;M;31;16/8/2022;11;20503739;San Luis
8/4/2022;1;Salud;R;26;1;M;20;2/1/2021;5;5108399;Tucuman
23/5/2022;1;Bolso;C;72;1;M;65;5/12/2022;4;6688501;Buenos Aires
26/4/2022;2;Vida;M;83;1;M;46;18/3/2021;1;18957386;Catamarca
1/7/2021;2;Salud;I;94;1;M;83;19/12/2021;1;3905379;Catamarca
11/5/2022;1;Mascota;P;93;1;M;54;12/11/2022;10;11500782;Chaco
21/4/2021;2;Vida;F;103;1;M;66;2/10/2022;8;16078964;Catamarca
11/12/2021;1;Mascota;I;69;1;F;73;1/8/2021;2;11877661;Neuquen
21/6/2021;2;Vida;J;56;1;F;23;15/5/2022;11;19616232;Santa Fe
13/4/2022;2;Salud;M;115;1;F;53;20/11/2022;8;4321000;Neuquen
17/12/2022;1;Mascota;F;90;1;F;31;10/10/2022;11;12284725;Catamarca
9/9/2022;2;Tecnologia;A;40;1;F;75;15/7/2022;4;10719509;Jujuy
14/11/2022;2;Tecnologia;P;32;1;M;78;2/9/2022;3;10405473;La Pampa
19/4/2021;1;Bolso;I;73;1;M;24;5/7/2021;4;7526894;Santa Cruz
6/7/2022;1;Cajero;P;118;1;M;56;5/9/2022;11;24788767;San Juan
9/6/2022;1;Estudio;M;67;1;M;70;26/12/2021;9;20979545;La Rioja
22/10/2022;2;Bolso;G;60;1;M;84;7/5/2022;2;8206636;Entre Rios
8/5/2022;2;Cajero;B;84;1;F;88;31/3/2021;7;23106381;Corrientes
3/12/2021;2;Estudio;C;51;1;M;73;8/8/2021;8;20695804;Cordoba
10/10/2022;1;Salud;P;35;1;F;36;5/4/2021;2;4252422;Catamarca
25/3/2022;2;Mascota;C;96;1;M;44;10/1/2022;2;12647126;Entre Rios
4/3/2021;1;Cajero;P;76;1;F;65;25/3/2022;10;25378149;Catamarca
17/2/2022;2;Cajero;C;73;1;F;28;21/11/2022;9;24901885;Rio Negro
6/3/2021;1;Cajero;A;92;1;M;26;10/2/2021;10;22049375;San Juan
29/8/2021;1;Vida;R;54;1;F;36;18/2/2021;1;19490734;Tucuman
25/7/2021;2;Vida;B;24;1;F;56;25/3/2022;2;17336726;Salta
19/1/2021;1;Bicicleta;C;71;1;F;18;14/10/2021;5;14100800;Entre Rios
15/7/2022;1;Vida;C;60;1;F;42;3/5/2021;1;17820852;CABA
8/8/2022;1;Cajero;C;85;1;F;31;17/3/2021;12;25000332;Chaco
22/7/2021;1;Vida;I;84;1;F;55;1/1/2022;2;14954904;CABA
10/9/2022;1;Mascota;C;53;1;M;35;31/7/2021;3;11380264;Tucuman
23/7/2022;2;Vida;C;106;1;M;77;11/8/2021;8;17273321;Corrientes
15/9/2021;2;Bicicleta;A;56;1;M;92;12/9/2022;10;14254391;Salta
2/1/2022;2;Salud;J;77;1;M;80;12/4/2021;8;4589370;Mendoza
1/6/2022;1;Mascota;H;51;1;M;72;18/4/2021;4;12514029;Catamarca
12/9/2022;2;Vida;P;50;1;M;78;10/6/2022;3;16163487;Mendoza
9/9/2022;1;Cajero;C;25;1;F;30;24/2/2022;11;24136459;Catamarca
11/8/2021;1;Vida;D;95;1;F;92;22/8/2022;3;16705270;Tucuman
28/2/2021;2;Bolso;I;15;1;F;82;25/4/2021;11;8427474;Chaco
16/9/2022;2;Bolso;S;71;1;M;71;8/5/2022;6;8544305;Rio Negro
21/4/2022;2;Bicicleta;U;117;1;M;22;2/1/2022;10;14499376;La Rioja
12/6/2022;2;Tecnologia;U;109;1;F;35;23/6/2022;2;10474511;CABA
29/11/2022;1;Cajero;M;97;1;F;41;21/1/2022;11;25523056;Corrientes
13/5/2021;1;Estudio;D;95;1;M;23;15/4/2021;2;20440522;Catamarca
19/9/2021;1;Salud;F;99;1;M;41;17/5/2022;8;3885785;Catamarca
28/12/2021;2;Vida;R;85;1;M;60;2/11/2021;2;15124691;Tucuman
18/8/2021;2;Mascota;R;15;1;M;80;19/6/2021;10;12362440;Chubut
16/3/2021;2;Bolso;P;67;1;M;38;26/2/2021;4;8537154;Catamarca
24/12/2021;1;Salud;A;20;1;F;95;12/5/2021;4;5486515;Catamarca
12/11/2021;1;Cajero;C;3;1;F;93;29/4/2021;5;22374112;La Pampa
19/12/2021;1;Cajero;T;49;1;M;28;20/12/2021;11;23751866;Corrientes
24/8/2021;2;Estudio;C;39;1;F;66;25/1/2022;7;21171446;La Rioja
1/6/2022;1;Bolso;I;62;1;F;63;8/3/2021;11;8317760;San Juan
22/4/2022;2;Vida;I;38;1;M;76;7/1/2022;9;19352437;CABA
28/10/2022;1;Salud;T;62;1;F;84;31/10/2021;3;4978128;Chaco
22/2/2021;1;Cajero;V;61;1;M;96;5/2/2022;3;25290057;Santa Cruz
5/6/2022;1;Salud;C;57;1;F;63;7/7/2022;3;4331946;San Juan
15/8/2021;1;Estudio;F;69;1;F;83;11/10/2022;8;21729425;Cordoba
25/7/2022;2;Tecnologia;C;51;1;M;23;27/11/2021;5;9146911;Mendoza
17/12/2021;1;Vida;U;119;1;F;87;21/2/2022;2;19587085;CABA
5/12/2021;2;Bolso;C;33;1;F;55;27/1/2022;5;6379959;Santiago del Estero
23/11/2022;2;Tecnologia;P;32;1;M;72;19/10/2021;12;10296778;Catamarca
2/7/2022;1;Tecnologia;C;110;1;F;89;11/1/2021;8;11126710;Formosa
30/8/2021;2;Cajero;M;44;1;M;27;9/8/2021;8;24089606;Catamarca
14/12/2022;2;Mascota;C;70;1;M;42;12/2/2021;11;12098487;Mendoza
22/6/2021;1;Mascota;I;41;1;M;92;19/5/2021;12;12178185;CABA
25/1/2021;1;Mascota;P;98;1;M;43;3/3/2021;6;11439016;Catamarca
11/2/2021;1;Cajero;S;92;1;F;83;6/1/2021;8;23405499;Mendoza
5/4/2021;2;Cajero;R;108;1;M;95;13/6/2022;9;23458542;CABA
3/10/2022;2;Mascota;L;44;1;M;96;19/2/2022;11;25768713;Catamarca
16/4/2022;1;Bicicleta;S;75;1;M;55;16/1/2021;6;14130606;Catamarca
22/6/2021;2;Salud;C;54;1;F;21;30/5/2022;9;4221840;Santa Cruz
24/5/2021;2;Tecnologia;C;42;1;M;95;6/4/2022;7;8812973;Santiago del Estero
17/1/2022;2;Estudio;C;19;1;M;92;19/1/2022;8;21367112;CABA
8/6/2022;2;Tecnologia;C;95;1;M;53;31/5/2022;11;9764000;Mendoza
4/7/2021;2;Tecnologia;P;72;1;F;64;8/2/2022;10;9994684;La Rioja
23/8/2021;1;Bicicleta;E;28;1;M;82;19/3/2021;11;14199217;Santa Cruz
6/12/2022;2;Tecnologia;D;26;1;M;78;3/3/2022;2;9074976;Formosa
12/8/2021;2;Salud;C;33;1;F;67;6/11/2021;1;5216224;Santa Fe
8/5/2021;1;Vida;P;85;1;M;31;8/6/2022;7;18414787;Corrientes
26/12/2021;2;Salud;U;119;1;F;29;20/10/2021;7;4817351;Entre Rios
6/12/2021;2;Vida;I;72;1;M;21;12/6/2021;7;16887659;Catamarca
28/5/2022;2;Vida;F;57;1;M;65;6/10/2022;12;15619871;Catamarca
21/9/2021;2;Cajero;C;54;1;F;45;3/10/2021;10;25444045;Neuquen
14/8/2021;2;Mascota;R;88;1;F;78;12/9/2021;6;12958440;Cordoba
6/12/2021;1;Bolso;N;7;1;M;100;9/11/2022;4;7717360;Mendoza
12/12/2022;2;Tecnologia;V;73;1;F;60;11/2/2021;1;10377854;Catamarca
16/1/2022;1;Cajero;S;89;1;F;70;13/5/2022;9;23996874;Entre Rios
27/8/2021;1;Vida;B;41;1;F;97;17/3/2022;3;16715129;Santa Cruz
17/4/2022;2;Bolso;P;80;1;M;38;3/10/2021;1;8365293;Chaco
21/1/2021;2;Estudio;G;37;1;F;52;17/6/2022;11;20592690;San Juan
14/4/2022;2;Bolso;P;93;1;M;23;2/7/2021;7;8259339;Catamarca
13/12/2021;2;Asistencia;F;53;1;F;34;8/1/2022;2;5776960;Chaco
24/8/2022;1;Vida;P;12;1;F;90;18/2/2022;10;19475631;Salta
12/7/2021;2;Vida;B;57;1;F;90;18/10/2022;7;17543949;Chaco
23/7/2022;2;Vida;P;111;1;M;23;24/6/2021;3;18333333;CABA
6/2/2021;1;Vida;M;120;1;M;32;9/3/2021;2;19453309;Formosa
11/12/2022;2;Tecnologia;V;87;1;F;74;8/11/2021;5;11242826;Chubut
6/12/2021;1;Estudio;E;65;1;M;98;11/5/2022;5;20934893;CABA
17/11/2021;1;Vida;C;5;1;M;46;18/12/2021;8;17188832;Chaco
20/6/2021;1;Tecnologia;U;70;1;M;47;26/11/2021;3;9407174;San Luis
14/5/2021;1;Vida;C;2;1;F;33;20/1/2021;2;16786679;Corrientes
8/7/2022;2;Salud;I;54;1;F;91;19/12/2022;1;4544693;La Pampa
12/10/2022;1;Salud;C;91;1;F;99;6/11/2021;1;4508785;Jujuy
26/5/2022;1;Salud;P;108;1;M;54;12/5/2022;5;5409000;Catamarca
30/10/2021;2;Cajero;F;61;1;M;78;11/12/2022;10;23404515;San Juan
8/8/2021;1;Salud;I;118;1;F;95;13/6/2022;9;5528551;Buenos Aires
23/11/2022;2;Vida;P;2;1;F;26;11/3/2022;1;18631562;Catamarca
28/2/2021;1;Bicicleta;F;59;1;F;88;25/5/2021;11;13270803;La Rioja
21/12/2021;2;Cajero;B;65;1;F;92;27/3/2021;4;23805124;Entre Rios
9/5/2022;2;Salud;J;38;1;F;62;5/12/2021;6;5445564;La Pampa
13/7/2022;1;Bicicleta;R;6;1;M;25;21/11/2022;6;13584350;La Pampa
17/7/2022;2;Vida;A;78;1;F;33;8/9/2021;8;18719288;Jujuy
31/3/2021;2;Mascota;F;43;1;M;70;25/7/2022;7;12606000;CABA
16/6/2022;1;Vida;I;100;1;F;18;7/12/2021;4;15590268;Catamarca
5/11/2022;2;Asistencia;M;28;1;F;71;22/8/2022;12;6027229;Cordoba
23/10/2021;1;Mascota;C;86;1;M;99;27/4/2022;10;12970867;Tucuman
8/8/2021;1;Bicicleta;A;73;1;F;60;14/3/2021;11;13639844;CABA
25/6/2022;2;Salud;R;67;1;F;52;27/8/2021;12;3719118;CABA
20/1/2021;1;Salud;C;1;1;F;33;16/2/2022;7;4790604;Neuquen
22/10/2022;1;Estudio;C;6;1;M;99;4/3/2021;1;21623121;Catamarca
22/5/2022;2;Bolso;P;106;1;F;46;26/2/2022;2;7589632;San Luis
28/10/2022;1;Mascota;P;36;1;F;76;21/5/2021;5;12218498;Tucuman
24/10/2021;1;Vida;A;8;1;F;71;21/5/2021;4;16543574;San Juan
16/2/2021;1;Tecnologia;P;41;1;M;76;5/3/2022;7;10091062;Catamarca
13/2/2021;1;Bolso;R;63;1;M;29;18/12/2021;1;7951599;Rio Negro
11/9/2022;2;Salud;C;50;1;F;79;16/2/2022;11;4134583;Santa Fe
29/1/2021;2;Bolso;M;32;1;F;22;29/11/2022;9;6609878;Catamarca
14/11/2021;1;Cajero;C;43;1;F;68;7/11/2022;2;22267099;Chaco
19/11/2021;2;Estudio;F;63;1;M;61;4/2/2022;12;20248513;Catamarca
28/3/2021;1;Vida;C;117;1;F;19;1/3/2022;1;18388845;Catamarca
24/10/2021;1;Tecnologia;R;15;1;M;41;24/9/2022;7;9413269;Misiones
10/1/2021;1;Estudio;R;31;1;M;93;19/1/2021;4;20752249;Catamarca
24/5/2021;2;Vida;P;49;1;F;31;29/11/2022;8;18698123;Misiones
3/12/2022;1;Tecnologia;I;9;1;M;26;19/9/2022;6;10472518;Chaco
23/10/2022;1;Salud;C;8;1;F;83;30/7/2021;10;4721316;Chaco
14/12/2021;2;Vida;P;118;1;F;53;27/3/2022;8;18472813;CABA
28/7/2022;2;Vida;H;63;1;F;88;10/7/2022;5;14902084;Rio Negro
1/9/2021;2;Cajero;C;74;1;M;76;27/9/2022;4;22452771;Catamarca
8/4/2022;1;Vida;C;49;1;F;75;13/12/2021;12;16478055;San Juan
24/9/2022;2;Tecnologia;P;111;1;F;51;4/6/2022;5;10476843;San Luis
24/5/2022;2;Tecnologia;C;97;1;F;73;5/1/2022;9;11155589;Tucuman
2/8/2021;1;Estudio;R;19;1;M;35;18/3/2022;1;20969155;Catamarca
30/7/2021;1;Tecnologia;L;60;1;M;29;24/3/2021;2;8938954;La Pampa
21/12/2022;1;Cajero;U;81;1;M;63;11/10/2022;6;25168182;La Pampa
11/10/2021;2;Tecnologia;C;16;1;F;43;2/5/2022;4;9444630;Salta
2/8/2021;2;Vida;F;27;1;M;76;25/5/2021;10;18428351;Chaco
23/5/2021;2;Estudio;K;43;1;F;62;21/1/2021;11;20946517;Tucuman
29/12/2021;1;Tecnologia;S;27;1;F;30;16/8/2022;4;10444641;Chubut
24/4/2021;2;Vida;U;61;1;F;71;18/2/2022;10;17708390;Cordoba
22/9/2021;2;Bicicleta;A;32;1;F;42;23/4/2022;4;14739896;Chaco
5/6/2022;2;Cajero;N;107;1;M;56;10/12/2022;11;22834676;Santa Cruz
15/11/2021;1;Cajero;R;40;1;M;86;5/1/2021;5;24953888;Catamarca
22/9/2022;2;Bolso;R;24;1;F;50;13/12/2022;1;8108111;Chaco
19/8/2021;2;Bolso;C;52;1;M;87;3/6/2021;1;7965219;Entre Rios
4/7/2021;1;Vida;C;2;1;M;87;23/3/2021;9;15536137;Cordoba
11/8/2022;1;Salud;R;22;1;M;50;29/6/2022;10;5333471;San Juan
10/11/2022;1;Vida;P;56;1;M;92;10/12/2021;1;17311509;La Pampa
18/8/2022;2;Salud;E;74;1;M;88;14/1/2021;10;4096021;Cordoba
18/9/2021;2;Bolso;C;59;1;F;70;11/11/2021;12;8257465;CABA
10/5/2022;1;Vida;C;25;1;F;98;31/12/2021;9;19821345;Chaco
14/2/2022;1;Vida;T;63;1;F;79;24/12/2022;4;16496222;Tucuman
10/7/2021;1;Cajero;B;2;1;F;67;28/1/2022;10;25451565;CABA
27/12/2021;1;Estudio;C;113;1;F;96;5/6/2021;8;20119938;La Pampa
11/11/2021;1;Mascota;G;4;1;F;37;20/5/2022;2;12563930;Formosa
22/1/2021;1;Bolso;F;41;1;F;63;16/4/2022;2;7091031;Formosa
5/1/2021;2;Bicicleta;K;53;1;F;55;23/3/2022;3;14160322;Buenos Aires
9/8/2021;1;Tecnologia;C;38;1;F;75;22/1/2021;4;8870353;San Luis
25/9/2021;2;Bolso;P;101;1;M;85;19/4/2021;4;8001704;Tucuman
12/6/2022;2;Mascota;R;104;1;M;72;9/6/2022;8;11967146;San Juan
19/2/2021;2;Salud;C;76;1;M;52;25/1/2022;10;4834613;Catamarca
2/9/2021;2;Vida;I;45;1;M;44;19/1/2022;1;18075563;Chaco
14/11/2022;1;Vida;C;99;1;F;65;12/7/2021;5;19780794;Chubut
2/2/2021;2;Vida;M;82;1;F;63;17/4/2022;6;16187307;Catamarca
7/6/2021;1;Cajero;G;43;1;F;39;24/4/2021;7;24430050;La Pampa
15/6/2022;1;Asistencia;B;13;1;M;92;7/6/2022;3;5912888;Corrientes
2/7/2021;2;Estudio;A;35;1;M;44;15/4/2022;11;20970535;Misiones
10/5/2022;2;Cajero;D;43;1;F;72;6/3/2022;12;24734061;CABA
13/5/2021;1;Bicicleta;B;117;1;M;50;28/11/2022;12;13836362;Catamarca
28/11/2022;1;Bicicleta;P;120;1;M;19;16/4/2022;6;13609611;Catamarca
16/2/2022;1;Vida;L;26;1;M;83;8/7/2021;9;15332875;San Juan
7/6/2021;1;Mascota;P;66;1;M;37;14/3/2022;5;12171696;CABA
24/4/2022;2;Bicicleta;I;53;1;F;99;19/8/2022;8;13256438;Salta
20/5/2022;1;Salud;C;34;1;M;67;15/6/2022;1;4446427;CABA
22/7/2021;2;Vida;B;58;1;F;50;8/2/2022;12;15026323;Catamarca
16/1/2021;1;Estudio;B;15;1;F;80;18/11/2022;10;20047159;Tucuman
31/8/2021;2;Bolso;P;74;1;M;87;21/7/2021;12;7551126;Catamarca
14/1/2022;2;Vida;I;110;1;F;98;6/11/2021;11;16140765;Jujuy
2/4/2021;2;Estudio;I;64;1;M;44;15/9/2022;1;21758235;Mendoza
3/7/2021;1;Vida;E;94;1;M;81;14/11/2021;7;15315368;Cordoba
8/10/2021;2;Salud;C;24;1;F;87;24/4/2021;10;3992452;Tucuman
6/7/2022;1;Vida;S;1;1;M;80;26/2/2022;12;16332231;Tucuman
4/9/2022;2;Bolso;C;84;1;F;41;27/6/2021;9;8282995;Entre Rios
9/2/2021;2;Tecnologia;C;118;1;F;83;3/3/2021;6;11176483;Catamarca
1/1/2022;2;Salud;I;56;1;F;23;30/11/2022;1;3929364;Tucuman
29/4/2021;2;Estudio;A;29;1;F;49;3/9/2021;8;20257224;CABA
11/11/2022;2;Vida;P;34;1;M;30;21/11/2022;1;18004430;Jujuy
9/10/2021;1;Bicicleta;C;27;1;M;51;2/5/2022;3;14160820;Mendoza
7/5/2022;1;Mascota;M;7;1;F;42;15/12/2021;8;13045481;Chaco
14/4/2022;1;Tecnologia;B;70;1;F;39;22/6/2022;10;9155274;Catamarca
9/10/2021;2;Tecnologia;C;60;1;M;69;16/1/2021;9;10249304;Catamarca
7/6/2021;2;Cajero;B;99;1;F;45;18/5/2021;3;24999471;Catamarca
25/2/2021;2;Salud;C;105;1;F;92;14/1/2022;4;3787448;Formosa
25/8/2022;2;Estudio;A;103;1;F;76;3/1/2022;6;21615949;La Pampa
21/2/2021;1;Vida;V;64;1;F;94;6/4/2021;5;19940370;Tucuman
24/8/2022;1;Estudio;A;17;1;F;79;8/7/2021;3;20963410;Misiones
9/11/2022;2;Bolso;I;4;1;M;97;13/12/2022;5;7181857;La Rioja
7/1/2021;2;Bicicleta;C;82;1;M;42;5/8/2021;5;13895629;Jujuy
29/11/2022;1;Mascota;C;24;1;M;77;21/12/2022;12;13161692;Formosa
13/10/2021;2;Cajero;P;93;1;F;91;19/12/2022;2;24255097;La Pampa
29/1/2021;2;Mascota;D;17;1;F;27;24/5/2022;12;11690262;La Rioja
14/5/2021;1;Bicicleta;E;48;1;M;41;26/9/2021;9;13319456;La Rioja
30/1/2021;1;Tecnologia;P;3;1;F;100;2/2/2021;3;8865851;Tucuman
21/6/2021;1;Cajero;P;101;1;M;68;19/12/2021;2;24766602;Cordoba
31/3/2022;1;Bolso;I;30;1;M;76;19/11/2021;9;6700944;Catamarca
9/11/2021;1;Tecnologia;C;95;1;F;26;24/6/2022;5;11264831;CABA
26/5/2022;1;Tecnologia;F;24;1;M;71;1/6/2021;2;10243446;Catamarca
7/4/2022;1;Bolso;G;36;1;F;50;8/12/2022;10;7678562;CABA
16/9/2021;2;Cajero;B;41;1;M;83;17/9/2022;11;22348291;Entre Rios
16/11/2021;1;Estudio;K;53;1;F;22;17/8/2022;4;20373162;Catamarca
21/4/2022;2;Bicicleta;F;79;1;F;100;3/12/2022;8;14063720;Catamarca
7/7/2021;2;Estudio;R;92;1;M;63;8/3/2022;6;20359678;Catamarca
27/6/2021;1;Bicicleta;M;83;1;M;40;13/8/2022;9;13928753;Catamarca
10/5/2022;2;Bolso;H;39;1;F;54;27/6/2021;3;8468389;Formosa
29/6/2022;1;Tecnologia;B;9;1;M;90;3/7/2021;11;10245389;CABA
30/6/2021;1;Cajero;C;89;1;M;83;20/2/2022;5;23748581;La Rioja
12/12/2021;2;Vida;R;54;1;F;75;6/12/2022;1;19706711;La Pampa
7/3/2022;1;Tecnologia;A;51;1;F;36;3/8/2021;2;9983681;Catamarca
27/2/2022;1;Vida;P;11;1;M;83;2/3/2022;5;19045274;Cordoba
22/10/2022;2;Salud;M;53;1;F;32;28/12/2022;2;4412418;Catamarca
7/3/2021;2;Cajero;R;99;1;F;39;22/3/2021;1;23064240;Jujuy
10/8/2022;2;Mascota;P;89;1;F;40;24/6/2021;9;12340041;CABA
22/12/2021;1;Mascota;B;106;1;F;82;3/2/2021;10;11601770;Mendoza
13/11/2022;2;Cajero;C;104;1;M;77;2/1/2021;12;22692542;CABA
12/5/2022;1;Tecnologia;P;60;1;F;84;15/11/2022;2;10088966;Catamarca
1/1/2021;1;Bolso;C;38;1;F;63;25/3/2021;2;8299191;Chaco
13/3/2021;1;Tecnologia;C;76;1;M;20;15/5/2021;8;9183939;CABA
18/12/2022;2;Cajero;G;120;1;F;22;25/10/2021;2;25381787;Tucuman
12/12/2021;1;Mascota;A;51;1;M;66;4/7/2021;12;11782337;Tucuman
29/10/2022;2;Tecnologia;P;46;1;F;80;14/6/2021;5;10677538;Tucuman
12/5/2021;1;Salud;I;116;1;F;99;6/10/2022;10;5735362;San Luis
27/8/2022;1;Tecnologia;M;12;1;M;26;3/11/2021;2;10944723;Corrientes
7/1/2022;1;Tecnologia;Z;78;1;F;65;22/3/2022;8;10475372;Catamarca
8/3/2021;1;Mascota;C;29;1;M;34;3/2/2021;11;11820218;Corrientes
18/8/2021;1;Tecnologia;G;24;1;F;49;27/3/2021;12;8996663;CABA
7/6/2021;1;Mascota;G;35;1;M;71;27/2/2021;5;12707498;Catamarca
19/1/2022;2;Bicicleta;P;97;1;F;37;26/7/2022;10;13783351;Chaco
17/7/2021;2;Tecnologia;A;55;1;F;57;15/2/2021;5;8887913;Cordoba
19/6/2022;1;Vida;P;49;1;M;42;6/10/2022;11;18483459;Corrientes
28/1/2022;2;Tecnologia;C;45;1;F;79;29/1/2022;5;9504866;Corrientes
10/10/2021;2;Bicicleta;V;31;1;M;19;22/4/2021;11;14411680;Tucuman
21/1/2022;1;Tecnologia;P;106;1;F;86;19/2/2022;9;9980383;San Juan
13/7/2021;2;Bolso;B;83;1;F;49;18/8/2022;7;8067267;CABA
4/8/2022;2;Mascota;C;51;1;F;26;28/6/2021;2;12216060;Cordoba
21/2/2022;1;Vida;I;4;1;M;77;24/10/2022;8;19865579;Mendoza
6/4/2022;1;Tecnologia;C;17;1;M;40;25/3/2022;9;9059663;San Luis
30/10/2021;1;Tecnologia;P;17;1;M;24;27/10/2022;3;9457848;Catamarca
7/9/2021;2;Salud;C;46;1;F;20;11/4/2021;2;4541681;CABA
28/8/2022;1;Bicicleta;S;105;1;F;59;2/7/2022;4;14432905;Corrientes
7/2/2021;2;Vida;C;46;1;F;54;6/8/2021;7;19056566;Entre Rios
24/7/2022;2;Vida;P;68;1;M;46;23/12/2021;4;18302728;Entre Rios
17/6/2021;2;Vida;R;102;1;M;53;18/3/2022;9;17058977;Formosa
16/4/2022;1;Salud;P;38;1;M;29;5/8/2021;1;5677443;Rio Negro
13/3/2021;2;Vida;J;96;1;M;57;15/12/2022;1;19072988;La Rioja
9/12/2022;1;Salud;C;68;1;M;54;6/5/2021;5;4138157;Tucuman
25/1/2022;2;Tecnologia;F;63;1;F;89;31/5/2021;8;8574093;San Luis
16/7/2022;1;Mascota;J;91;1;M;94;6/3/2021;4;12928397;Mendoza
4/12/2022;2;Vida;P;22;1;F;53;20/11/2022;9;19566483;Tucuman
